insert into Clientes (cpf_cliente, nome_cliente) values 
('111.111.111-11', 'Osvaldo Oliveira'),
('222.222.222-22', 'Jaqueline Teixeira'),
('333.333.333-33', 'Keli Matos'),
('444.444.444-44', 'Ursula Souza'),
('555.555.555-55', 'Evandro Silva');

insert into Telefones (cpf_cliente, telefone) values
('111.111.111-11', '19-72077-0521'),
('111.111.111-11', '19-06078-6843'),
('222.222.222-22', '19-23003-4864'),
('333.333.333-33', '19-06486-6449'),
('333.333.333-33', '19-53266-7923'),
('444.444.444-44', '19-64378-2404'),
('555.555.555-55', '19-53315-2734');

insert into Veiculos(placa, modelo, marca, tipo, diaria) values
('DEA-7981', 'Uno', 'Fiat', 'Standart', 100),
('CBC-4945', 'Fiorino', 'Fiat', 'Utilitario', 120),
('BEE-7735', 'Saveiro', 'VW', 'Standart', 100),
('CBA-4403', 'Sandeiro', 'Renaut', 'Standart', 100),
('BBC-8504', 'Palio', 'Fiat', 'Standart', 100),
('BEB-5885', 'Gol', 'VW', 'Standart', 100),
('EDB-2475', 'Ranger', 'Ford', 'Esportivo', 200),
('CBC-4901', 'Fioriono', 'Fiat', 'Utilitario', 120);

insert into Reserva (reserva, retirada, devolucao, dias, placa, cpf_cliente, status, subtotal) values
    ('2024-01-25', '2024-01-25', '2024-02-04', 10, 'DEA-7981', '111.111.111-11', 'concluido', 1000),
    ('2024-03-13', '2024-03-13', '2024-03-21', 8, 'CBC-4945', '222.222.222-22', 'concluido', 960),
    ('2024-03-29', '2024-03-29', '2024-04-05', 7, 'BEE-7735', '333.333.333-33', 'concluido', 700),
    ('2024-03-14', '2024-03-14', '2024-03-24', 10, 'CBA-4403', '444.444.444-44', 'concluido', 1000),
    ('2024-02-29', '2024-02-29', '2024-03-07', 7, 'BBC-8504', '444.444.444-44', 'concluido', 700),
    ('2024-02-16', '2024-02-16', '2024-03-25', 38, 'BEB-5885', '111.111.111-11', 'concluido', 3800),
    ('2024-02-05', '2024-02-05', '2024-03-10', 34, 'EDB-2475', '111.111.111-11', 'concluido', 6800),
    ('2024-02-25', '2024-02-25', '2024-03-02', 6, 'CBC-4901', '444.444.444-44', 'concluido', 720),
    ('2024-02-15', '2024-02-15', '2024-03-19', 33, 'EDB-2475', '111.111.111-11', 'concluido', 6600),
    ('2024-02-04', '2024-02-04', '2024-03-10', 35, 'DEA-7981', '444.444.444-44', 'concluido', 3500),
    ('2024-02-23', '2024-02-24', '2024-03-30', 35, 'CBA-4403', '555.555.555-55', 'concluido', 3500),
    ('2024-02-27', '2024-02-27', '2024-03-03', 5, 'BBC-8504', '333.333.333-33', 'concluido', 500),
    ('2024-02-29', '2024-02-29', '2024-03-03', 3, 'BEE-7735', '222.222.222-22', 'concluido', 300),
    ('2024-02-02', '2024-02-02', '2024-03-07', 34, 'BEB-5885', '111.111.111-11', 'concluido', 3400),
    ('2024-02-05', '2024-02-05', '2024-03-15', 39, 'CBA-4403', '555.555.555-55', 'concluido', 3900),
    ('2024-02-05', '2024-02-08', '2024-03-15', 36, 'BEE-7735', '333.333.333-33', 'concluido', 3600),
    ('2024-02-11', '2024-02-11', '2024-03-15', 33, 'BBC-8504', '444.444.444-44', 'concluido', 3300),
    ('2024-03-14', '2024-03-14', null, 19, 'CBC-4945', '444.444.444-44', 'alugado', 2280),
    ('2024-03-16', '2024-03-17', null, 16, 'DEA-7981', '555.555.555-55', 'alugado', 1600),
    ('2024-03-25', '2024-03-25', null, 8, 'EDB-2475', '555.555.555-55', 'alugado', 1600),
    ('2024-03-28', '2024-03-28', null, 5, 'CBA-4403', '222.222.222-22', 'alugado', 500),
    ('2024-03-23', '2024-03-23', null, 10, 'BEB-5885', '222.222.222-22', 'alugado', 1000),
    ('2024-05-01', null, null, 0, 'BBC-8504', '222.222.222-22', 'reservado', null),
    ('2024-05-10', null, null, 0, 'DEA-7981', '111.111.111-11', 'reservado', null),
    ('2024-05-19', null, null, 0, 'CBC-4945', '222.222.222-22', 'reservado', null);
